date,status,file,url,archive_bytes,filtered_rows,underlying_counts,source_zip_sha256,detail
2026-03-30,downloaded,data_uploads/nse_eod/daily_contract_rows/nse_fo_eod_20260330.csv.gz,https://nsearchives.nseindia.com/content/fo/BhavCopy_NSE_FO_0_0_0_20260330_F_0000.csv.zip,1707526,5930,"{""BANKNIFTY"": 1429, ""HDFCBANK"": 412, ""ICICIBANK"": 261, ""INFY"": 178, ""LT"": 462, ""NIFTY"": 2216, ""RELIANCE"": 253, ""SBIN"": 396, ""TCS"": 323}",12fa2140c59b085daa77742eacebb1eef2d0bd401103d3692020f6d04396b9b7,
2026-03-31,http_404,,https://nsearchives.nseindia.com/content/fo/BhavCopy_NSE_FO_0_0_0_20260331_F_0000.csv.zip,,,,,
2026-04-01,downloaded,data_uploads/nse_eod/daily_contract_rows/nse_fo_eod_20260401.csv.gz,https://nsearchives.nseindia.com/content/fo/BhavCopy_NSE_FO_0_0_0_20260401_F_0000.csv.zip,1314558,5153,"{""BANKNIFTY"": 1243, ""HDFCBANK"": 304, ""ICICIBANK"": 223, ""INFY"": 198, ""LT"": 378, ""NIFTY"": 2081, ""RELIANCE"": 208, ""SBIN"": 294, ""TCS"": 224}",b1d91ea94fc52bdd8d0e1712389bf44c32bc50d9d0f7ed2f77b7ee4e82b72ae2,
2026-04-02,downloaded,data_uploads/nse_eod/daily_contract_rows/nse_fo_eod_20260402.csv.gz,https://nsearchives.nseindia.com/content/fo/BhavCopy_NSE_FO_0_0_0_20260402_F_0000.csv.zip,1174035,4933,"{""BANKNIFTY"": 1245, ""HDFCBANK"": 273, ""ICICIBANK"": 195, ""INFY"": 188, ""LT"": 263, ""NIFTY"": 2125, ""RELIANCE"": 201, ""SBIN"": 242, ""TCS"": 201}",2adcc091cdd4b1249d239f50d2fddad523102fc0db0eb4f1d084ee0fbe47a0a3,
2026-04-03,http_404,,https://nsearchives.nseindia.com/content/fo/BhavCopy_NSE_FO_0_0_0_20260403_F_0000.csv.zip,,,,,
2026-04-06,downloaded,data_uploads/nse_eod/daily_contract_rows/nse_fo_eod_20260406.csv.gz,https://nsearchives.nseindia.com/content/fo/BhavCopy_NSE_FO_0_0_0_20260406_F_0000.csv.zip,1207191,4979,"{""BANKNIFTY"": 1261, ""HDFCBANK"": 280, ""ICICIBANK"": 195, ""INFY"": 197, ""LT"": 265, ""NIFTY"": 2125, ""RELIANCE"": 204, ""SBIN"": 242, ""TCS"": 210}",8e915bb23c4321f715b5fd5175acecd7435fb6f353d4c3e5bc12faebf97df6fd,
2026-04-07,downloaded,data_uploads/nse_eod/daily_contract_rows/nse_fo_eod_20260407.csv.gz,https://nsearchives.nseindia.com/content/fo/BhavCopy_NSE_FO_0_0_0_20260407_F_0000.csv.zip,1220246,5051,"{""BANKNIFTY"": 1267, ""HDFCBANK"": 292, ""ICICIBANK"": 201, ""INFY"": 201, ""LT"": 282, ""NIFTY"": 2125, ""RELIANCE"": 224, ""SBIN"": 247, ""TCS"": 212}",0bdd37bd0706f982c68b599d9454832936a45b1f30bbb37175e32ed93da26652,
2026-04-08,downloaded,data_uploads/nse_eod/daily_contract_rows/nse_fo_eod_20260408.csv.gz,https://nsearchives.nseindia.com/content/fo/BhavCopy_NSE_FO_0_0_0_20260408_F_0000.csv.zip,1357635,5295,"{""BANKNIFTY"": 1323, ""HDFCBANK"": 327, ""ICICIBANK"": 233, ""INFY"": 212, ""LT"": 355, ""NIFTY"": 2151, ""RELIANCE"": 224, ""SBIN"": 247, ""TCS"": 223}",19e77f9a344a0f0b14d62365eabaf91db6d7d961d6af5efef58d019044bdaeea,
2026-04-09,downloaded,data_uploads/nse_eod/daily_contract_rows/nse_fo_eod_20260409.csv.gz,https://nsearchives.nseindia.com/content/fo/BhavCopy_NSE_FO_0_0_0_20260409_F_0000.csv.zip,1353618,5328,"{""BANKNIFTY"": 1333, ""HDFCBANK"": 332, ""ICICIBANK"": 235, ""INFY"": 218, ""LT"": 355, ""NIFTY"": 2153, ""RELIANCE"": 224, ""SBIN"": 253, ""TCS"": 225}",ae737c5293db23d2e717e0feb50254e631e3c8963d5f9d255ac1d50449f2670e,
2026-04-10,downloaded,data_uploads/nse_eod/daily_contract_rows/nse_fo_eod_20260410.csv.gz,https://nsearchives.nseindia.com/content/fo/BhavCopy_NSE_FO_0_0_0_20260410_F_0000.csv.zip,1372091,5336,"{""BANKNIFTY"": 1335, ""HDFCBANK"": 332, ""ICICIBANK"": 235, ""INFY"": 218, ""LT"": 355, ""NIFTY"": 2153, ""RELIANCE"": 224, ""SBIN"": 253, ""TCS"": 231}",e8e37992e54766438161bbcb8bc3c4a456fce62da3a4bdf2ce084dd2664def10,
2026-04-13,downloaded,data_uploads/nse_eod/daily_contract_rows/nse_fo_eod_20260413.csv.gz,https://nsearchives.nseindia.com/content/fo/BhavCopy_NSE_FO_0_0_0_20260413_F_0000.csv.zip,1389998,5346,"{""BANKNIFTY"": 1337, ""HDFCBANK"": 332, ""ICICIBANK"": 237, ""INFY"": 218, ""LT"": 355, ""NIFTY"": 2159, ""RELIANCE"": 224, ""SBIN"": 253, ""TCS"": 231}",2699b68fabbb4ea5f7e96db0d5ba3a7157b05de7464271036897320d00c02cd4,
2026-04-14,http_404,,https://nsearchives.nseindia.com/content/fo/BhavCopy_NSE_FO_0_0_0_20260414_F_0000.csv.zip,,,,,
2026-04-15,downloaded,data_uploads/nse_eod/daily_contract_rows/nse_fo_eod_20260415.csv.gz,https://nsearchives.nseindia.com/content/fo/BhavCopy_NSE_FO_0_0_0_20260415_F_0000.csv.zip,1427376,5368,"{""BANKNIFTY"": 1351, ""HDFCBANK"": 332, ""ICICIBANK"": 245, ""INFY"": 218, ""LT"": 355, ""NIFTY"": 2159, ""RELIANCE"": 224, ""SBIN"": 253, ""TCS"": 231}",80442648c77cd1d1d97a5663360f00ae32bdfff4835721ebd39db58cd97ae492,
2026-04-16,downloaded,data_uploads/nse_eod/daily_contract_rows/nse_fo_eod_20260416.csv.gz,https://nsearchives.nseindia.com/content/fo/BhavCopy_NSE_FO_0_0_0_20260416_F_0000.csv.zip,1452574,5385,"{""BANKNIFTY"": 1355, ""HDFCBANK"": 332, ""ICICIBANK"": 245, ""INFY"": 218, ""LT"": 363, ""NIFTY"": 2159, ""RELIANCE"": 224, ""SBIN"": 258, ""TCS"": 231}",c6feed68ee518d5ef2981169e21cda0014565e21affba3a3c426d22419f5d7a7,
2026-04-17,downloaded,data_uploads/nse_eod/daily_contract_rows/nse_fo_eod_20260417.csv.gz,https://nsearchives.nseindia.com/content/fo/BhavCopy_NSE_FO_0_0_0_20260417_F_0000.csv.zip,1481954,5387,"{""BANKNIFTY"": 1355, ""HDFCBANK"": 332, ""ICICIBANK"": 245, ""INFY"": 218, ""LT"": 365, ""NIFTY"": 2159, ""RELIANCE"": 224, ""SBIN"": 258, ""TCS"": 231}",0586813879b21e8b067f1913c189aedd758f16d5a15b45bd6e5d6a68871894cf,
2026-04-20,downloaded,data_uploads/nse_eod/daily_contract_rows/nse_fo_eod_20260420.csv.gz,https://nsearchives.nseindia.com/content/fo/BhavCopy_NSE_FO_0_0_0_20260420_F_0000.csv.zip,1507140,5389,"{""BANKNIFTY"": 1355, ""HDFCBANK"": 332, ""ICICIBANK"": 245, ""INFY"": 218, ""LT"": 365, ""NIFTY"": 2159, ""RELIANCE"": 224, ""SBIN"": 260, ""TCS"": 231}",75769579d9df5fcbbf4ce82b1a26202b1bebe30177aaef6da62019de3d2bd046,
2026-04-21,downloaded,data_uploads/nse_eod/daily_contract_rows/nse_fo_eod_20260421.csv.gz,https://nsearchives.nseindia.com/content/fo/BhavCopy_NSE_FO_0_0_0_20260421_F_0000.csv.zip,1525406,5411,"{""BANKNIFTY"": 1371, ""HDFCBANK"": 332, ""ICICIBANK"": 245, ""INFY"": 218, ""LT"": 365, ""NIFTY"": 2159, ""RELIANCE"": 224, ""SBIN"": 266, ""TCS"": 231}",c71c5a7a62dcd012d33ae9d107c027af82a989eed3a9bf953c7f353f4a205ea9,
2026-04-22,downloaded,data_uploads/nse_eod/daily_contract_rows/nse_fo_eod_20260422.csv.gz,https://nsearchives.nseindia.com/content/fo/BhavCopy_NSE_FO_0_0_0_20260422_F_0000.csv.zip,1563834,5314,"{""BANKNIFTY"": 1373, ""HDFCBANK"": 332, ""ICICIBANK"": 256, ""INFY"": 218, ""LT"": 365, ""NIFTY"": 2041, ""RELIANCE"": 224, ""SBIN"": 270, ""TCS"": 235}",fa6fb378702da9501dc4fd5cfd68576e93f0729f4e5647f5a30c4ee2d9a93512,
2026-04-23,downloaded,data_uploads/nse_eod/daily_contract_rows/nse_fo_eod_20260423.csv.gz,https://nsearchives.nseindia.com/content/fo/BhavCopy_NSE_FO_0_0_0_20260423_F_0000.csv.zip,1594113,5329,"{""BANKNIFTY"": 1373, ""HDFCBANK"": 332, ""ICICIBANK"": 256, ""INFY"": 225, ""LT"": 365, ""NIFTY"": 2049, ""RELIANCE"": 224, ""SBIN"": 270, ""TCS"": 235}",70c2396ede54f7890570602b0cf30c894e829ba8abd42d26456477ad730c5537,
2026-04-24,downloaded,data_uploads/nse_eod/daily_contract_rows/nse_fo_eod_20260424.csv.gz,https://nsearchives.nseindia.com/content/fo/BhavCopy_NSE_FO_0_0_0_20260424_F_0000.csv.zip,1624221,5405,"{""BANKNIFTY"": 1373, ""HDFCBANK"": 332, ""ICICIBANK"": 256, ""INFY"": 272, ""LT"": 365, ""NIFTY"": 2059, ""RELIANCE"": 224, ""SBIN"": 270, ""TCS"": 254}",11fc98d12c8e86faa051f809609bfda2329aa5363c71c5615707a26e2cb90ba1,
2026-04-27,downloaded,data_uploads/nse_eod/daily_contract_rows/nse_fo_eod_20260427.csv.gz,https://nsearchives.nseindia.com/content/fo/BhavCopy_NSE_FO_0_0_0_20260427_F_0000.csv.zip,1651089,5421,"{""BANKNIFTY"": 1373, ""HDFCBANK"": 332, ""ICICIBANK"": 256, ""INFY"": 278, ""LT"": 365, ""NIFTY"": 2069, ""RELIANCE"": 224, ""SBIN"": 270, ""TCS"": 254}",b4fbcc32ad6fb8b6a1393d0a962a702f5341381a5f4e32f97542e52de78fb43b,
2026-04-28,downloaded,data_uploads/nse_eod/daily_contract_rows/nse_fo_eod_20260428.csv.gz,https://nsearchives.nseindia.com/content/fo/BhavCopy_NSE_FO_0_0_0_20260428_F_0000.csv.zip,1610285,5421,"{""BANKNIFTY"": 1373, ""HDFCBANK"": 332, ""ICICIBANK"": 256, ""INFY"": 278, ""LT"": 365, ""NIFTY"": 2069, ""RELIANCE"": 224, ""SBIN"": 270, ""TCS"": 254}",68894424c23cf6084ce56618016c5369d57e5573c2b6874ea024b3f7e82ab230,
2026-04-29,downloaded,data_uploads/nse_eod/daily_contract_rows/nse_fo_eod_20260429.csv.gz,https://nsearchives.nseindia.com/content/fo/BhavCopy_NSE_FO_0_0_0_20260429_F_0000.csv.zip,1213235,4593,"{""BANKNIFTY"": 1149, ""HDFCBANK"": 249, ""ICICIBANK"": 217, ""INFY"": 225, ""LT"": 270, ""NIFTY"": 1905, ""RELIANCE"": 199, ""SBIN"": 173, ""TCS"": 206}",9550f5913734800e40127e2ee8d4ea54993904efe3a0cf105ca469662c4abfcd,
2026-04-30,downloaded,data_uploads/nse_eod/daily_contract_rows/nse_fo_eod_20260430.csv.gz,https://nsearchives.nseindia.com/content/fo/BhavCopy_NSE_FO_0_0_0_20260430_F_0000.csv.zip,1117966,4620,"{""BANKNIFTY"": 1171, ""HDFCBANK"": 240, ""ICICIBANK"": 194, ""INFY"": 204, ""LT"": 243, ""NIFTY"": 2005, ""RELIANCE"": 206, ""SBIN"": 164, ""TCS"": 193}",a0c25fc7cbccfef1e14094edd456541d3a1e0283ea7fd3268090fd1e733d2627,
2026-05-01,http_404,,https://nsearchives.nseindia.com/content/fo/BhavCopy_NSE_FO_0_0_0_20260501_F_0000.csv.zip,,,,,
2026-05-04,downloaded,data_uploads/nse_eod/daily_contract_rows/nse_fo_eod_20260504.csv.gz,https://nsearchives.nseindia.com/content/fo/BhavCopy_NSE_FO_0_0_0_20260504_F_0000.csv.zip,1164659,4661,"{""BANKNIFTY"": 1173, ""HDFCBANK"": 246, ""ICICIBANK"": 200, ""INFY"": 210, ""LT"": 258, ""NIFTY"": 2005, ""RELIANCE"": 209, ""SBIN"": 167, ""TCS"": 193}",a54c88c2eae3518c474e012c93cc119f0bb8a909e5947e3e89860a185efb2229,
2026-05-05,downloaded,data_uploads/nse_eod/daily_contract_rows/nse_fo_eod_20260505.csv.gz,https://nsearchives.nseindia.com/content/fo/BhavCopy_NSE_FO_0_0_0_20260505_F_0000.csv.zip,1174864,4685,"{""BANKNIFTY"": 1173, ""HDFCBANK"": 246, ""ICICIBANK"": 200, ""INFY"": 210, ""LT"": 262, ""NIFTY"": 2005, ""RELIANCE"": 221, ""SBIN"": 167, ""TCS"": 201}",23fd82ab34f3326a17debde2d67d86bf8e764c31181f6e2686f4919bd487d699,
2026-05-06,downloaded,data_uploads/nse_eod/daily_contract_rows/nse_fo_eod_20260506.csv.gz,https://nsearchives.nseindia.com/content/fo/BhavCopy_NSE_FO_0_0_0_20260506_F_0000.csv.zip,1215550,4585,"{""BANKNIFTY"": 1181, ""HDFCBANK"": 246, ""ICICIBANK"": 204, ""INFY"": 210, ""LT"": 262, ""NIFTY"": 1887, ""RELIANCE"": 221, ""SBIN"": 171, ""TCS"": 203}",b82d34a3e3d96ab80fe989549b1ba255ac435d7cc9ea053bb77a6bbf54144001,
2026-05-07,downloaded,data_uploads/nse_eod/daily_contract_rows/nse_fo_eod_20260507.csv.gz,https://nsearchives.nseindia.com/content/fo/BhavCopy_NSE_FO_0_0_0_20260507_F_0000.csv.zip,1241379,4621,"{""BANKNIFTY"": 1185, ""HDFCBANK"": 255, ""ICICIBANK"": 204, ""INFY"": 210, ""LT"": 262, ""NIFTY"": 1905, ""RELIANCE"": 221, ""SBIN"": 176, ""TCS"": 203}",292fe3165f3eb1c22ca64c67f08d853bebacd711ec8a25518f517891bf6b3bec,
2026-05-08,downloaded,data_uploads/nse_eod/daily_contract_rows/nse_fo_eod_20260508.csv.gz,https://nsearchives.nseindia.com/content/fo/BhavCopy_NSE_FO_0_0_0_20260508_F_0000.csv.zip,1263397,4639,"{""BANKNIFTY"": 1185, ""HDFCBANK"": 255, ""ICICIBANK"": 204, ""INFY"": 210, ""LT"": 262, ""NIFTY"": 1905, ""RELIANCE"": 221, ""SBIN"": 192, ""TCS"": 205}",c6359ee21e2a19d346fed55a0cad7683430e5b754755d22ea38e6f5bca6c1e02,
2026-05-11,downloaded,data_uploads/nse_eod/daily_contract_rows/nse_fo_eod_20260511.csv.gz,https://nsearchives.nseindia.com/content/fo/BhavCopy_NSE_FO_0_0_0_20260511_F_0000.csv.zip,1288449,4686,"{""BANKNIFTY"": 1185, ""HDFCBANK"": 255, ""ICICIBANK"": 204, ""INFY"": 210, ""LT"": 268, ""NIFTY"": 1941, ""RELIANCE"": 221, ""SBIN"": 197, ""TCS"": 205}",4c476f32e0ae36c64442163a7c290f01de3d262fad927a8ecc72f2f7e3a50ba4,
2026-05-12,downloaded,data_uploads/nse_eod/daily_contract_rows/nse_fo_eod_20260512.csv.gz,https://nsearchives.nseindia.com/content/fo/BhavCopy_NSE_FO_0_0_0_20260512_F_0000.csv.zip,1327024,4784,"{""BANKNIFTY"": 1199, ""HDFCBANK"": 261, ""ICICIBANK"": 204, ""INFY"": 210, ""LT"": 272, ""NIFTY"": 1993, ""RELIANCE"": 230, ""SBIN"": 210, ""TCS"": 205}",f4ee3021ce0e7e506433dc4cbb403e69a76626fa69739f86feaedbc48da3ef2b,
2026-05-13,downloaded,data_uploads/nse_eod/daily_contract_rows/nse_fo_eod_20260513.csv.gz,https://nsearchives.nseindia.com/content/fo/BhavCopy_NSE_FO_0_0_0_20260513_F_0000.csv.zip,1345298,4768,"{""BANKNIFTY"": 1203, ""HDFCBANK"": 268, ""ICICIBANK"": 207, ""INFY"": 218, ""LT"": 288, ""NIFTY"": 1915, ""RELIANCE"": 236, ""SBIN"": 210, ""TCS"": 223}",7a353574d31f732bfa9bd7a34b2454f0a990395eb8b3786a46244668d3c7bad0,
2026-05-14,downloaded,data_uploads/nse_eod/daily_contract_rows/nse_fo_eod_20260514.csv.gz,https://nsearchives.nseindia.com/content/fo/BhavCopy_NSE_FO_0_0_0_20260514_F_0000.csv.zip,1375507,4825,"{""BANKNIFTY"": 1203, ""HDFCBANK"": 270, ""ICICIBANK"": 207, ""INFY"": 227, ""LT"": 288, ""NIFTY"": 1953, ""RELIANCE"": 236, ""SBIN"": 210, ""TCS"": 231}",99d5f01f3347806356572180e49b7a89147b9df402aae78ebcd11be8228c1219,
2026-05-15,downloaded,data_uploads/nse_eod/daily_contract_rows/nse_fo_eod_20260515.csv.gz,https://nsearchives.nseindia.com/content/fo/BhavCopy_NSE_FO_0_0_0_20260515_F_0000.csv.zip,1377181,4843,"{""BANKNIFTY"": 1203, ""HDFCBANK"": 270, ""ICICIBANK"": 207, ""INFY"": 239, ""LT"": 288, ""NIFTY"": 1953, ""RELIANCE"": 236, ""SBIN"": 210, ""TCS"": 237}",acf37beadc06408d0e09e1dd1ee44173e6d1e9881c3d7c173d3cbe5567b61746,
2026-05-18,downloaded,data_uploads/nse_eod/daily_contract_rows/nse_fo_eod_20260518.csv.gz,https://nsearchives.nseindia.com/content/fo/BhavCopy_NSE_FO_0_0_0_20260518_F_0000.csv.zip,1415523,4871,"{""BANKNIFTY"": 1213, ""HDFCBANK"": 270, ""ICICIBANK"": 207, ""INFY"": 239, ""LT"": 288, ""NIFTY"": 1953, ""RELIANCE"": 244, ""SBIN"": 220, ""TCS"": 237}",21246d8265602fca95e8b1e416d2526de9e41ada1a6fe662330e82f26a4cace3,
2026-05-19,downloaded,data_uploads/nse_eod/daily_contract_rows/nse_fo_eod_20260519.csv.gz,https://nsearchives.nseindia.com/content/fo/BhavCopy_NSE_FO_0_0_0_20260519_F_0000.csv.zip,1427845,4881,"{""BANKNIFTY"": 1213, ""HDFCBANK"": 270, ""ICICIBANK"": 207, ""INFY"": 239, ""LT"": 288, ""NIFTY"": 1953, ""RELIANCE"": 244, ""SBIN"": 230, ""TCS"": 237}",a4531a4b36a6c56bae09cc6b0fdcf2583dc1e088ded7a02baf511f0b2a646c55,
2026-05-20,downloaded,data_uploads/nse_eod/daily_contract_rows/nse_fo_eod_20260520.csv.gz,https://nsearchives.nseindia.com/content/fo/BhavCopy_NSE_FO_0_0_0_20260520_F_0000.csv.zip,1439120,4810,"{""BANKNIFTY"": 1213, ""HDFCBANK"": 270, ""ICICIBANK"": 207, ""INFY"": 243, ""LT"": 288, ""NIFTY"": 1875, ""RELIANCE"": 247, ""SBIN"": 230, ""TCS"": 237}",38de9358c6c7b6f5c006fc345dfd38c8b01a0c9cad0dc618eaabc86f2ba3f5e0,
2026-05-21,downloaded,data_uploads/nse_eod/daily_contract_rows/nse_fo_eod_20260521.csv.gz,https://nsearchives.nseindia.com/content/fo/BhavCopy_NSE_FO_0_0_0_20260521_F_0000.csv.zip,1470046,4812,"{""BANKNIFTY"": 1213, ""HDFCBANK"": 270, ""ICICIBANK"": 207, ""INFY"": 243, ""LT"": 288, ""NIFTY"": 1877, ""RELIANCE"": 247, ""SBIN"": 230, ""TCS"": 237}",deb11da24799d0f87dbf8ec9996d7a42dea34376b7bc570fc75c4bbdfc427870,
2026-05-22,downloaded,data_uploads/nse_eod/daily_contract_rows/nse_fo_eod_20260522.csv.gz,https://nsearchives.nseindia.com/content/fo/BhavCopy_NSE_FO_0_0_0_20260522_F_0000.csv.zip,1491776,4812,"{""BANKNIFTY"": 1213, ""HDFCBANK"": 270, ""ICICIBANK"": 207, ""INFY"": 243, ""LT"": 288, ""NIFTY"": 1877, ""RELIANCE"": 247, ""SBIN"": 230, ""TCS"": 237}",f276c3c48ca2fc6513724ed935d549362cd4126a9ea28adecabb6cf784692da5,
2026-05-25,downloaded,data_uploads/nse_eod/daily_contract_rows/nse_fo_eod_20260525.csv.gz,https://nsearchives.nseindia.com/content/fo/BhavCopy_NSE_FO_0_0_0_20260525_F_0000.csv.zip,1513153,4814,"{""BANKNIFTY"": 1213, ""HDFCBANK"": 270, ""ICICIBANK"": 207, ""INFY"": 243, ""LT"": 288, ""NIFTY"": 1879, ""RELIANCE"": 247, ""SBIN"": 230, ""TCS"": 237}",97ee719dd0cea1f5b09e4ffa75e562d46a08cf9914dec8951df0e4cfd8b62555,
2026-05-26,downloaded,data_uploads/nse_eod/daily_contract_rows/nse_fo_eod_20260526.csv.gz,https://nsearchives.nseindia.com/content/fo/BhavCopy_NSE_FO_0_0_0_20260526_F_0000.csv.zip,1470417,4834,"{""BANKNIFTY"": 1213, ""HDFCBANK"": 270, ""ICICIBANK"": 213, ""INFY"": 243, ""LT"": 288, ""NIFTY"": 1893, ""RELIANCE"": 247, ""SBIN"": 230, ""TCS"": 237}",cfc14b16ab9390e2b6056215eee70b513750edbdb4f147a97c5170a2fca0698c,
2026-05-27,downloaded,data_uploads/nse_eod/daily_contract_rows/nse_fo_eod_20260527.csv.gz,https://nsearchives.nseindia.com/content/fo/BhavCopy_NSE_FO_0_0_0_20260527_F_0000.csv.zip,1143484,4164,"{""BANKNIFTY"": 997, ""HDFCBANK"": 216, ""ICICIBANK"": 182, ""INFY"": 197, ""LT"": 228, ""NIFTY"": 1747, ""RELIANCE"": 207, ""SBIN"": 191, ""TCS"": 199}",24345a94f50e72050ff038a6bd84c0b4a7e0866eeca6a2d84988d1147786a283,
2026-05-28,http_404,,https://nsearchives.nseindia.com/content/fo/BhavCopy_NSE_FO_0_0_0_20260528_F_0000.csv.zip,,,,,
2026-05-29,downloaded,data_uploads/nse_eod/daily_contract_rows/nse_fo_eod_20260529.csv.gz,https://nsearchives.nseindia.com/content/fo/BhavCopy_NSE_FO_0_0_0_20260529_F_0000.csv.zip,1100124,4196,"{""BANKNIFTY"": 999, ""HDFCBANK"": 214, ""ICICIBANK"": 176, ""INFY"": 188, ""LT"": 215, ""NIFTY"": 1829, ""RELIANCE"": 203, ""SBIN"": 178, ""TCS"": 194}",4f903e5b095c503455222826d57293059dc5ea26d6234dac4ca06f921a582b78,
2026-06-01,downloaded,data_uploads/nse_eod/daily_contract_rows/nse_fo_eod_20260601.csv.gz,https://nsearchives.nseindia.com/content/fo/BhavCopy_NSE_FO_0_0_0_20260601_F_0000.csv.zip,1142739,4254,"{""BANKNIFTY"": 1015, ""HDFCBANK"": 228, ""ICICIBANK"": 183, ""INFY"": 188, ""LT"": 218, ""NIFTY"": 1829, ""RELIANCE"": 213, ""SBIN"": 180, ""TCS"": 200}",5835720367f7c6ec83c01b7d01ee359f7f0890e0d4df620b5a7c473a16d8c90e,
2026-06-02,downloaded,data_uploads/nse_eod/daily_contract_rows/nse_fo_eod_20260602.csv.gz,https://nsearchives.nseindia.com/content/fo/BhavCopy_NSE_FO_0_0_0_20260602_F_0000.csv.zip,1180505,4350,"{""BANKNIFTY"": 1027, ""HDFCBANK"": 228, ""ICICIBANK"": 188, ""INFY"": 239, ""LT"": 225, ""NIFTY"": 1829, ""RELIANCE"": 213, ""SBIN"": 180, ""TCS"": 221}",070c5226218a002bcda6c0ce64e81459ed8698d967b6e7fd989cfac6fa9168b2,
2026-06-03,downloaded,data_uploads/nse_eod/daily_contract_rows/nse_fo_eod_20260603.csv.gz,https://nsearchives.nseindia.com/content/fo/BhavCopy_NSE_FO_0_0_0_20260603_F_0000.csv.zip,1186805,4312,"{""BANKNIFTY"": 1027, ""HDFCBANK"": 228, ""ICICIBANK"": 198, ""INFY"": 245, ""LT"": 225, ""NIFTY"": 1759, ""RELIANCE"": 217, ""SBIN"": 180, ""TCS"": 233}",7d8fd12f8bd41a780de230f4f09978a0dddccf41d168e1019369a51e31cbeaed,
2026-06-04,downloaded,data_uploads/nse_eod/daily_contract_rows/nse_fo_eod_20260604.csv.gz,https://nsearchives.nseindia.com/content/fo/BhavCopy_NSE_FO_0_0_0_20260604_F_0000.csv.zip,1185229,4327,"{""BANKNIFTY"": 1027, ""HDFCBANK"": 228, ""ICICIBANK"": 198, ""INFY"": 245, ""LT"": 235, ""NIFTY"": 1763, ""RELIANCE"": 217, ""SBIN"": 181, ""TCS"": 233}",0fcf4b2de212d9af3eb54a436d377e00e9ed14978cee7c637f5824e18a4a1ffa,
2026-06-05,downloaded,data_uploads/nse_eod/daily_contract_rows/nse_fo_eod_20260605.csv.gz,https://nsearchives.nseindia.com/content/fo/BhavCopy_NSE_FO_0_0_0_20260605_F_0000.csv.zip,1208815,4337,"{""BANKNIFTY"": 1027, ""HDFCBANK"": 228, ""ICICIBANK"": 198, ""INFY"": 245, ""LT"": 237, ""NIFTY"": 1763, ""RELIANCE"": 223, ""SBIN"": 183, ""TCS"": 233}",bee2d821159acdad804bb256f28b4d9eed9d5d507689c21accab44c8214bcc1b,
2026-06-08,downloaded,data_uploads/nse_eod/daily_contract_rows/nse_fo_eod_20260608.csv.gz,https://nsearchives.nseindia.com/content/fo/BhavCopy_NSE_FO_0_0_0_20260608_F_0000.csv.zip,1231769,4350,"{""BANKNIFTY"": 1027, ""HDFCBANK"": 228, ""ICICIBANK"": 198, ""INFY"": 245, ""LT"": 237, ""NIFTY"": 1765, ""RELIANCE"": 229, ""SBIN"": 183, ""TCS"": 238}",e42f31c2dccb0f3e28132572e1afc9bd72a49749ff8e981957986083c0bfcef8,
2026-06-09,downloaded,data_uploads/nse_eod/daily_contract_rows/nse_fo_eod_20260609.csv.gz,https://nsearchives.nseindia.com/content/fo/BhavCopy_NSE_FO_0_0_0_20260609_F_0000.csv.zip,1248269,4398,"{""BANKNIFTY"": 1029, ""HDFCBANK"": 228, ""ICICIBANK"": 198, ""INFY"": 245, ""LT"": 249, ""NIFTY"": 1775, ""RELIANCE"": 243, ""SBIN"": 185, ""TCS"": 246}",8055c485ff90efb278dbe667d59406fae8005f8f8addbb18d2dbd92a7665f868,
2026-06-10,downloaded,data_uploads/nse_eod/daily_contract_rows/nse_fo_eod_20260610.csv.gz,https://nsearchives.nseindia.com/content/fo/BhavCopy_NSE_FO_0_0_0_20260610_F_0000.csv.zip,1261738,4343,"{""BANKNIFTY"": 1029, ""HDFCBANK"": 228, ""ICICIBANK"": 198, ""INFY"": 245, ""LT"": 249, ""NIFTY"": 1715, ""RELIANCE"": 243, ""SBIN"": 190, ""TCS"": 246}",0871b3e853c8a35d5f42ec1c87686e946f0bdf45e0c95be120ae922489bb8241,
2026-06-11,downloaded,data_uploads/nse_eod/daily_contract_rows/nse_fo_eod_20260611.csv.gz,https://nsearchives.nseindia.com/content/fo/BhavCopy_NSE_FO_0_0_0_20260611_F_0000.csv.zip,1276959,4517,"{""BANKNIFTY"": 1029, ""HDFCBANK"": 228, ""ICICIBANK"": 204, ""INFY"": 409, ""LT"": 249, ""NIFTY"": 1717, ""RELIANCE"": 245, ""SBIN"": 190, ""TCS"": 246}",664003322ef4c99e12323342adc2fd87be113b33da501d0122aba80f72451915,
2026-06-12,downloaded,data_uploads/nse_eod/daily_contract_rows/nse_fo_eod_20260612.csv.gz,https://nsearchives.nseindia.com/content/fo/BhavCopy_NSE_FO_0_0_0_20260612_F_0000.csv.zip,1321994,4711,"{""BANKNIFTY"": 1085, ""HDFCBANK"": 228, ""ICICIBANK"": 213, ""INFY"": 423, ""LT"": 292, ""NIFTY"": 1779, ""RELIANCE"": 245, ""SBIN"": 190, ""TCS"": 256}",1ecae7ef425e08f087fd1719dc6b10f5900b4048529b156615c743582b131b12,
2026-06-15,downloaded,data_uploads/nse_eod/daily_contract_rows/nse_fo_eod_20260615.csv.gz,https://nsearchives.nseindia.com/content/fo/BhavCopy_NSE_FO_0_0_0_20260615_F_0000.csv.zip,1369831,4880,"{""BANKNIFTY"": 1135, ""HDFCBANK"": 236, ""ICICIBANK"": 224, ""INFY"": 423, ""LT"": 292, ""NIFTY"": 1875, ""RELIANCE"": 245, ""SBIN"": 194, ""TCS"": 256}",ac76480667b93db37ad35b0bf9f8f458cb8f5738d251e9d15d15e46595e4c35c,
2026-06-16,downloaded,data_uploads/nse_eod/daily_contract_rows/nse_fo_eod_20260616.csv.gz,https://nsearchives.nseindia.com/content/fo/BhavCopy_NSE_FO_0_0_0_20260616_F_0000.csv.zip,1357901,4890,"{""BANKNIFTY"": 1135, ""HDFCBANK"": 238, ""ICICIBANK"": 224, ""INFY"": 423, ""LT"": 298, ""NIFTY"": 1875, ""RELIANCE"": 245, ""SBIN"": 196, ""TCS"": 256}",3004749b91fedda561cf2ce67d7105aaa19bb87327e6ecdd6b26cb9384580db0,
2026-06-17,downloaded,data_uploads/nse_eod/daily_contract_rows/nse_fo_eod_20260617.csv.gz,https://nsearchives.nseindia.com/content/fo/BhavCopy_NSE_FO_0_0_0_20260617_F_0000.csv.zip,1374595,4836,"{""BANKNIFTY"": 1139, ""HDFCBANK"": 240, ""ICICIBANK"": 224, ""INFY"": 423, ""LT"": 302, ""NIFTY"": 1811, ""RELIANCE"": 245, ""SBIN"": 196, ""TCS"": 256}",3ebb150311ee373d5d52a57e7d1b60d38531f80e25ff21033858d14e1dbde1f1,
2026-06-18,downloaded,data_uploads/nse_eod/daily_contract_rows/nse_fo_eod_20260618.csv.gz,https://nsearchives.nseindia.com/content/fo/BhavCopy_NSE_FO_0_0_0_20260618_F_0000.csv.zip,1381430,4850,"{""BANKNIFTY"": 1139, ""HDFCBANK"": 244, ""ICICIBANK"": 224, ""INFY"": 427, ""LT"": 304, ""NIFTY"": 1815, ""RELIANCE"": 245, ""SBIN"": 196, ""TCS"": 256}",85b413939f934d314f339cfc4dd3a5e4e520c693f4c28428796e52e8a7947c47,
2026-06-19,downloaded,data_uploads/nse_eod/daily_contract_rows/nse_fo_eod_20260619.csv.gz,https://nsearchives.nseindia.com/content/fo/BhavCopy_NSE_FO_0_0_0_20260619_F_0000.csv.zip,1400952,4913,"{""BANKNIFTY"": 1147, ""HDFCBANK"": 249, ""ICICIBANK"": 224, ""INFY"": 457, ""LT"": 304, ""NIFTY"": 1817, ""RELIANCE"": 245, ""SBIN"": 200, ""TCS"": 270}",20df7f7bf192c369d9548528c1ec8df888b69194cc5ea6048001379bc7e5600d,
2026-06-22,downloaded,data_uploads/nse_eod/daily_contract_rows/nse_fo_eod_20260622.csv.gz,https://nsearchives.nseindia.com/content/fo/BhavCopy_NSE_FO_0_0_0_20260622_F_0000.csv.zip,1416913,4925,"{""BANKNIFTY"": 1147, ""HDFCBANK"": 249, ""ICICIBANK"": 228, ""INFY"": 465, ""LT"": 304, ""NIFTY"": 1817, ""RELIANCE"": 245, ""SBIN"": 200, ""TCS"": 270}",884fd5bfa225d4916dc40da74643acfe0d3bb0cede6e88bc79707226a44c73b2,
2026-06-23,downloaded,data_uploads/nse_eod/daily_contract_rows/nse_fo_eod_20260623.csv.gz,https://nsearchives.nseindia.com/content/fo/BhavCopy_NSE_FO_0_0_0_20260623_F_0000.csv.zip,1442659,4929,"{""BANKNIFTY"": 1147, ""HDFCBANK"": 249, ""ICICIBANK"": 232, ""INFY"": 465, ""LT"": 304, ""NIFTY"": 1817, ""RELIANCE"": 245, ""SBIN"": 200, ""TCS"": 270}",1e2cb96b2083dca114464981459ec093f99f3397a4a79e1297b7a26f2a594e92,
2026-06-24,downloaded,data_uploads/nse_eod/daily_contract_rows/nse_fo_eod_20260624.csv.gz,https://nsearchives.nseindia.com/content/fo/BhavCopy_NSE_FO_0_0_0_20260624_F_0000.csv.zip,1466422,4909,"{""BANKNIFTY"": 1165, ""HDFCBANK"": 249, ""ICICIBANK"": 232, ""INFY"": 473, ""LT"": 304, ""NIFTY"": 1761, ""RELIANCE"": 245, ""SBIN"": 200, ""TCS"": 280}",47bd5797fa6e2f5d8666dc64057172312a5f3a7eb54314aa3d6b00640b5494d3,
2026-06-25,downloaded,data_uploads/nse_eod/daily_contract_rows/nse_fo_eod_20260625.csv.gz,https://nsearchives.nseindia.com/content/fo/BhavCopy_NSE_FO_0_0_0_20260625_F_0000.csv.zip,1492307,4926,"{""BANKNIFTY"": 1165, ""HDFCBANK"": 249, ""ICICIBANK"": 241, ""INFY"": 473, ""LT"": 304, ""NIFTY"": 1769, ""RELIANCE"": 245, ""SBIN"": 200, ""TCS"": 280}",8c0eb8ef37903dc79e58110abe1a076c231ef40b633002def42beb6cc1f6ad17,
2026-06-26,http_404,,https://nsearchives.nseindia.com/content/fo/BhavCopy_NSE_FO_0_0_0_20260626_F_0000.csv.zip,,,,,
2026-06-29,downloaded,data_uploads/nse_eod/daily_contract_rows/nse_fo_eod_20260629.csv.gz,https://nsearchives.nseindia.com/content/fo/BhavCopy_NSE_FO_0_0_0_20260629_F_0000.csv.zip,1527963,4934,"{""BANKNIFTY"": 1165, ""HDFCBANK"": 249, ""ICICIBANK"": 247, ""INFY"": 473, ""LT"": 304, ""NIFTY"": 1771, ""RELIANCE"": 245, ""SBIN"": 200, ""TCS"": 280}",5f863a7aa07bff5ad944b7429c845be2f3e13aada06d0229cae23ea5c8743695,
2026-06-30,downloaded,data_uploads/nse_eod/daily_contract_rows/nse_fo_eod_20260630.csv.gz,https://nsearchives.nseindia.com/content/fo/BhavCopy_NSE_FO_0_0_0_20260630_F_0000.csv.zip,1494724,4934,"{""BANKNIFTY"": 1165, ""HDFCBANK"": 249, ""ICICIBANK"": 247, ""INFY"": 473, ""LT"": 304, ""NIFTY"": 1771, ""RELIANCE"": 245, ""SBIN"": 200, ""TCS"": 280}",ef8a7d52dc79c5b10332bfc1eb40b70fd299fcfa8ae8318b52acb4b4cce2e922,
2026-07-01,downloaded,data_uploads/nse_eod/daily_contract_rows/nse_fo_eod_20260701.csv.gz,https://nsearchives.nseindia.com/content/fo/BhavCopy_NSE_FO_0_0_0_20260701_F_0000.csv.zip,1109606,4103,"{""BANKNIFTY"": 974, ""HDFCBANK"": 175, ""ICICIBANK"": 217, ""INFY"": 296, ""LT"": 261, ""NIFTY"": 1585, ""RELIANCE"": 205, ""SBIN"": 168, ""TCS"": 222}",327b5bc9f04f9ec938c53080fb05d9ebf97e43033366d6de1b215be346fd1b14,
2026-07-02,downloaded,data_uploads/nse_eod/daily_contract_rows/nse_fo_eod_20260702.csv.gz,https://nsearchives.nseindia.com/content/fo/BhavCopy_NSE_FO_0_0_0_20260702_F_0000.csv.zip,1012770,3914,"{""BANKNIFTY"": 989, ""HDFCBANK"": 161, ""ICICIBANK"": 186, ""INFY"": 252, ""LT"": 175, ""NIFTY"": 1591, ""RELIANCE"": 198, ""SBIN"": 161, ""TCS"": 201}",89513349f9e8899f7c0e19a9fb89eacb98c052592494d5e1a3bc1543f7b072d4,
2026-07-03,downloaded,data_uploads/nse_eod/daily_contract_rows/nse_fo_eod_20260703.csv.gz,https://nsearchives.nseindia.com/content/fo/BhavCopy_NSE_FO_0_0_0_20260703_F_0000.csv.zip,1050100,3959,"{""BANKNIFTY"": 989, ""HDFCBANK"": 161, ""ICICIBANK"": 195, ""INFY"": 255, ""LT"": 179, ""NIFTY"": 1607, ""RELIANCE"": 198, ""SBIN"": 165, ""TCS"": 210}",c01ef882282bdd6dbb1b1a69f454521ea9fc1f93a2a22af9249d902a71412fd3,
2026-07-06,downloaded,data_uploads/nse_eod/daily_contract_rows/nse_fo_eod_20260706.csv.gz,https://nsearchives.nseindia.com/content/fo/BhavCopy_NSE_FO_0_0_0_20260706_F_0000.csv.zip,1067831,3977,"{""BANKNIFTY"": 989, ""HDFCBANK"": 161, ""ICICIBANK"": 205, ""INFY"": 255, ""LT"": 181, ""NIFTY"": 1611, ""RELIANCE"": 198, ""SBIN"": 165, ""TCS"": 212}",e71a8e920d26b873cac1d6830804ca5c1b3255c9df477db56e1a5f2f962b76ec,
2026-07-07,downloaded,data_uploads/nse_eod/daily_contract_rows/nse_fo_eod_20260707.csv.gz,https://nsearchives.nseindia.com/content/fo/BhavCopy_NSE_FO_0_0_0_20260707_F_0000.csv.zip,1091042,4030,"{""BANKNIFTY"": 999, ""HDFCBANK"": 173, ""ICICIBANK"": 211, ""INFY"": 255, ""LT"": 181, ""NIFTY"": 1635, ""RELIANCE"": 199, ""SBIN"": 165, ""TCS"": 212}",7f48260e54053df6d28da69ec566dcdae6cb83710964b17911750636042d8a43,
2026-07-08,downloaded,data_uploads/nse_eod/daily_contract_rows/nse_fo_eod_20260708.csv.gz,https://nsearchives.nseindia.com/content/fo/BhavCopy_NSE_FO_0_0_0_20260708_F_0000.csv.zip,1139076,4088,"{""BANKNIFTY"": 1015, ""HDFCBANK"": 173, ""ICICIBANK"": 211, ""INFY"": 257, ""LT"": 181, ""NIFTY"": 1675, ""RELIANCE"": 199, ""SBIN"": 165, ""TCS"": 212}",4f674fa74c1f8531894ad6918a147a06a872188b360ad9edbd0b1c710a41a950,
2026-07-09,downloaded,data_uploads/nse_eod/daily_contract_rows/nse_fo_eod_20260709.csv.gz,https://nsearchives.nseindia.com/content/fo/BhavCopy_NSE_FO_0_0_0_20260709_F_0000.csv.zip,1138614,4116,"{""BANKNIFTY"": 1017, ""HDFCBANK"": 173, ""ICICIBANK"": 211, ""INFY"": 257, ""LT"": 193, ""NIFTY"": 1675, ""RELIANCE"": 206, ""SBIN"": 172, ""TCS"": 212}",f83055119b0a0de9e082591ba069f8ec8b6c617878edf972840d2dbffcf14f66,
2026-07-10,downloaded,data_uploads/nse_eod/daily_contract_rows/nse_fo_eod_20260710.csv.gz,https://nsearchives.nseindia.com/content/fo/BhavCopy_NSE_FO_0_0_0_20260710_F_0000.csv.zip,1151276,4128,"{""BANKNIFTY"": 1029, ""HDFCBANK"": 173, ""ICICIBANK"": 211, ""INFY"": 257, ""LT"": 193, ""NIFTY"": 1675, ""RELIANCE"": 206, ""SBIN"": 172, ""TCS"": 212}",2933ae94177caa455aefaea1c95caf3c1b2e95c2ad8cd8de1746919605e870a2,
2026-07-13,downloaded,data_uploads/nse_eod/daily_contract_rows/nse_fo_eod_20260713.csv.gz,https://nsearchives.nseindia.com/content/fo/BhavCopy_NSE_FO_0_0_0_20260713_F_0000.csv.zip,1165801,4145,"{""BANKNIFTY"": 1029, ""HDFCBANK"": 173, ""ICICIBANK"": 211, ""INFY"": 257, ""LT"": 193, ""NIFTY"": 1675, ""RELIANCE"": 206, ""SBIN"": 172, ""TCS"": 229}",d6e85bf68f1fd36b57fc1c7d259133acd62bee851ba90216b5a3ffc9f0b5068a,
2026-07-14,downloaded,data_uploads/nse_eod/daily_contract_rows/nse_fo_eod_20260714.csv.gz,https://nsearchives.nseindia.com/content/fo/BhavCopy_NSE_FO_0_0_0_20260714_F_0000.csv.zip,1173247,4155,"{""BANKNIFTY"": 1029, ""HDFCBANK"": 173, ""ICICIBANK"": 211, ""INFY"": 265, ""LT"": 193, ""NIFTY"": 1675, ""RELIANCE"": 206, ""SBIN"": 172, ""TCS"": 231}",06c10e6f5763812956be889a3bbb1e86dde54dda5320742045469867877f58c4,
2026-07-15,downloaded,data_uploads/nse_eod/daily_contract_rows/nse_fo_eod_20260715.csv.gz,https://nsearchives.nseindia.com/content/fo/BhavCopy_NSE_FO_0_0_0_20260715_F_0000.csv.zip,1182135,4109,"{""BANKNIFTY"": 1029, ""HDFCBANK"": 173, ""ICICIBANK"": 211, ""INFY"": 265, ""LT"": 201, ""NIFTY"": 1619, ""RELIANCE"": 206, ""SBIN"": 172, ""TCS"": 233}",9b17c397b54815febfe99c8ac4c8371aaf599276056bf8744bf973f6f600a679,
2026-07-16,downloaded,data_uploads/nse_eod/daily_contract_rows/nse_fo_eod_20260716.csv.gz,https://nsearchives.nseindia.com/content/fo/BhavCopy_NSE_FO_0_0_0_20260716_F_0000.csv.zip,1192458,4111,"{""BANKNIFTY"": 1029, ""HDFCBANK"": 173, ""ICICIBANK"": 211, ""INFY"": 265, ""LT"": 201, ""NIFTY"": 1621, ""RELIANCE"": 206, ""SBIN"": 172, ""TCS"": 233}",89137a43798d49f30aa5a4adbcfd8f827302a03342ff18e5aff7bda74b652c80,
2026-07-17,downloaded,data_uploads/nse_eod/daily_contract_rows/nse_fo_eod_20260717.csv.gz,https://nsearchives.nseindia.com/content/fo/BhavCopy_NSE_FO_0_0_0_20260717_F_0000.csv.zip,1216686,4129,"{""BANKNIFTY"": 1047, ""HDFCBANK"": 173, ""ICICIBANK"": 211, ""INFY"": 265, ""LT"": 201, ""NIFTY"": 1621, ""RELIANCE"": 206, ""SBIN"": 172, ""TCS"": 233}",99b000b1b24a776e2f5516df136594ee259484e7f27f5912eef708ece472abd1,
2026-07-20,downloaded,data_uploads/nse_eod/daily_contract_rows/nse_fo_eod_20260720.csv.gz,https://nsearchives.nseindia.com/content/fo/BhavCopy_NSE_FO_0_0_0_20260720_F_0000.csv.zip,1233752,4160,"{""BANKNIFTY"": 1047, ""HDFCBANK"": 185, ""ICICIBANK"": 215, ""INFY"": 265, ""LT"": 201, ""NIFTY"": 1631, ""RELIANCE"": 208, ""SBIN"": 172, ""TCS"": 236}",54d523447909a1ef6a8dafe6617d00566180c761fafc8bbe2afdc4513af47498,
2026-07-21,downloaded,data_uploads/nse_eod/daily_contract_rows/nse_fo_eod_20260721.csv.gz,https://nsearchives.nseindia.com/content/fo/BhavCopy_NSE_FO_0_0_0_20260721_F_0000.csv.zip,1239856,4176,"{""BANKNIFTY"": 1047, ""HDFCBANK"": 187, ""ICICIBANK"": 227, ""INFY"": 265, ""LT"": 201, ""NIFTY"": 1631, ""RELIANCE"": 208, ""SBIN"": 174, ""TCS"": 236}",7f0d7bce378e70f8bc4a9d77738091d0becb674c0291388adea4f59031b5747f,
2026-07-22,downloaded,data_uploads/nse_eod/daily_contract_rows/nse_fo_eod_20260722.csv.gz,https://nsearchives.nseindia.com/content/fo/BhavCopy_NSE_FO_0_0_0_20260722_F_0000.csv.zip,1262743,4135,"{""BANKNIFTY"": 1047, ""HDFCBANK"": 190, ""ICICIBANK"": 227, ""INFY"": 265, ""LT"": 201, ""NIFTY"": 1587, ""RELIANCE"": 208, ""SBIN"": 174, ""TCS"": 236}",eeb06dae81773c28c6846afa60b871663ae8ddfff6c60f22857cdefe714a649b,
2026-07-23,downloaded,data_uploads/nse_eod/daily_contract_rows/nse_fo_eod_20260723.csv.gz,https://nsearchives.nseindia.com/content/fo/BhavCopy_NSE_FO_0_0_0_20260723_F_0000.csv.zip,1282234,4145,"{""BANKNIFTY"": 1047, ""HDFCBANK"": 190, ""ICICIBANK"": 227, ""INFY"": 265, ""LT"": 201, ""NIFTY"": 1597, ""RELIANCE"": 208, ""SBIN"": 174, ""TCS"": 236}",30330f4b0b49ff4b7dc57f3759900669728665912ffc4d32b749c46e0f9a3205,
2026-07-24,downloaded,data_uploads/nse_eod/daily_contract_rows/nse_fo_eod_20260724.csv.gz,https://nsearchives.nseindia.com/content/fo/BhavCopy_NSE_FO_0_0_0_20260724_F_0000.csv.zip,1306833,4164,"{""BANKNIFTY"": 1047, ""HDFCBANK"": 192, ""ICICIBANK"": 227, ""INFY"": 265, ""LT"": 201, ""NIFTY"": 1609, ""RELIANCE"": 211, ""SBIN"": 176, ""TCS"": 236}",4050ec9d8a5a8cab8e54b9327b09eb19ff1b9ed41f1d49273f12165b41872e37,
2026-07-27,downloaded,data_uploads/nse_eod/daily_contract_rows/nse_fo_eod_20260727.csv.gz,https://nsearchives.nseindia.com/content/fo/BhavCopy_NSE_FO_0_0_0_20260727_F_0000.csv.zip,1317199,4172,"{""BANKNIFTY"": 1047, ""HDFCBANK"": 192, ""ICICIBANK"": 227, ""INFY"": 265, ""LT"": 201, ""NIFTY"": 1617, ""RELIANCE"": 211, ""SBIN"": 176, ""TCS"": 236}",cf1879cfa80cf9246e3b5dcff62c492bfce03b494273d311975ebdcd3c575afe,
2026-07-28,downloaded,data_uploads/nse_eod/daily_contract_rows/nse_fo_eod_20260728.csv.gz,https://nsearchives.nseindia.com/content/fo/BhavCopy_NSE_FO_0_0_0_20260728_F_0000.csv.zip,1295404,4207,"{""BANKNIFTY"": 1047, ""HDFCBANK"": 194, ""ICICIBANK"": 227, ""INFY"": 265, ""LT"": 201, ""NIFTY"": 1617, ""RELIANCE"": 211, ""SBIN"": 176, ""TCS"": 269}",3a8b51eae05fb48755bb90768123c3b1a59b3716e92e739e42e79ea783c1162b,
2026-07-29,downloaded,data_uploads/nse_eod/daily_contract_rows/nse_fo_eod_20260729.csv.gz,https://nsearchives.nseindia.com/content/fo/BhavCopy_NSE_FO_0_0_0_20260729_F_0000.csv.zip,959642,3634,"{""BANKNIFTY"": 921, ""HDFCBANK"": 139, ""ICICIBANK"": 193, ""INFY"": 136, ""LT"": 131, ""NIFTY"": 1549, ""RELIANCE"": 193, ""SBIN"": 157, ""TCS"": 215}",aa7978c89d7bbf7bd7fba9ef5ac59b450f310d42623e41df1142024be4c24c56,
2026-07-30,downloaded,data_uploads/nse_eod/daily_contract_rows/nse_fo_eod_20260730.csv.gz,https://nsearchives.nseindia.com/content/fo/BhavCopy_NSE_FO_0_0_0_20260730_F_0000.csv.zip,922827,3602,"{""BANKNIFTY"": 927, ""HDFCBANK"": 136, ""ICICIBANK"": 183, ""INFY"": 123, ""LT"": 130, ""NIFTY"": 1561, ""RELIANCE"": 186, ""SBIN"": 153, ""TCS"": 203}",9725f22bee2a4accaaf9010faec0c913a2d8e68621085982398881ae1dc6cca0,
2026-07-31,downloaded,data_uploads/nse_eod/daily_contract_rows/nse_fo_eod_20260731.csv.gz,https://nsearchives.nseindia.com/content/fo/BhavCopy_NSE_FO_0_0_0_20260731_F_0000.csv.zip,958195,3621,"{""BANKNIFTY"": 927, ""HDFCBANK"": 137, ""ICICIBANK"": 185, ""INFY"": 123, ""LT"": 130, ""NIFTY"": 1565, ""RELIANCE"": 192, ""SBIN"": 157, ""TCS"": 205}",5d7466f2c0ecf68676c1f844007c90604b530135bb0e2580a8fd19d99009014d,
2026-08-03,downloaded,data_uploads/nse_eod/daily_contract_rows/nse_fo_eod_20260803.csv.gz,https://nsearchives.nseindia.com/content/fo/BhavCopy_NSE_FO_0_0_0_20260803_F_0000.csv.zip,1011282,3962,"{""BANKNIFTY"": 957, ""HDFCBANK"": 137, ""ICICIBANK"": 185, ""INFY"": 128, ""LT"": 130, ""NIFTY"": 1857, ""RELIANCE"": 196, ""SBIN"": 157, ""TCS"": 215}",4caeaccc0e69507d6746fe263e54bb801dcea6914fa8f65b478e11cb43d7b734,
2026-08-04,downloaded,data_uploads/nse_eod/daily_contract_rows/nse_fo_eod_20260804.csv.gz,https://nsearchives.nseindia.com/content/fo/BhavCopy_NSE_FO_0_0_0_20260804_F_0000.csv.zip,1026119,4020,"{""BANKNIFTY"": 963, ""HDFCBANK"": 137, ""ICICIBANK"": 193, ""INFY"": 137, ""LT"": 134, ""NIFTY"": 1877, ""RELIANCE"": 196, ""SBIN"": 162, ""TCS"": 221}",66680e99150aa568e18927d78164dc9caefdb4cbfb92efb081c98188c1c978a9,
2026-08-05,downloaded,data_uploads/nse_eod/daily_contract_rows/nse_fo_eod_20260805.csv.gz,https://nsearchives.nseindia.com/content/fo/BhavCopy_NSE_FO_0_0_0_20260805_F_0000.csv.zip,1035627,3936,"{""BANKNIFTY"": 963, ""HDFCBANK"": 137, ""ICICIBANK"": 193, ""INFY"": 137, ""LT"": 134, ""NIFTY"": 1793, ""RELIANCE"": 196, ""SBIN"": 162, ""TCS"": 221}",4b6554d42fb40f33187272cc6f42ccbf86e320c77ccc69cb599ee28eb81ffa25,
2026-08-06,downloaded,data_uploads/nse_eod/daily_contract_rows/nse_fo_eod_20260806.csv.gz,https://nsearchives.nseindia.com/content/fo/BhavCopy_NSE_FO_0_0_0_20260806_F_0000.csv.zip,1043539,3944,"{""BANKNIFTY"": 963, ""HDFCBANK"": 139, ""ICICIBANK"": 193, ""INFY"": 137, ""LT"": 138, ""NIFTY"": 1793, ""RELIANCE"": 196, ""SBIN"": 164, ""TCS"": 221}",2525a6549c47e64e305baa6cc42c14685321ffb05f50728dddf55dcacec1daf2,
2026-08-07,downloaded,data_uploads/nse_eod/daily_contract_rows/nse_fo_eod_20260807.csv.gz,https://nsearchives.nseindia.com/content/fo/BhavCopy_NSE_FO_0_0_0_20260807_F_0000.csv.zip,1057426,3968,"{""BANKNIFTY"": 963, ""HDFCBANK"": 143, ""ICICIBANK"": 193, ""INFY"": 137, ""LT"": 138, ""NIFTY"": 1795, ""RELIANCE"": 198, ""SBIN"": 180, ""TCS"": 221}",a5ca8f06fd69554ea123134fc823a8a868ccca454d286727c22290dc37daac82,
2026-08-10,downloaded,data_uploads/nse_eod/daily_contract_rows/nse_fo_eod_20260810.csv.gz,https://nsearchives.nseindia.com/content/fo/BhavCopy_NSE_FO_0_0_0_20260810_F_0000.csv.zip,1072115,3985,"{""BANKNIFTY"": 963, ""HDFCBANK"": 143, ""ICICIBANK"": 198, ""INFY"": 137, ""LT"": 138, ""NIFTY"": 1797, ""RELIANCE"": 204, ""SBIN"": 184, ""TCS"": 221}",8a97db352122ce75dc7cf4b1d2ffccfb7e15bab3d5e827c04519e9fa11349e05,
2026-08-11,downloaded,data_uploads/nse_eod/daily_contract_rows/nse_fo_eod_20260811.csv.gz,https://nsearchives.nseindia.com/content/fo/BhavCopy_NSE_FO_0_0_0_20260811_F_0000.csv.zip,1083379,3985,"{""BANKNIFTY"": 963, ""HDFCBANK"": 143, ""ICICIBANK"": 198, ""INFY"": 137, ""LT"": 138, ""NIFTY"": 1797, ""RELIANCE"": 204, ""SBIN"": 184, ""TCS"": 221}",0c4cff21f0e20e9a1aa0e27894597ff40e287ed3000567880abbc0f6775bc5c1,
2026-08-12,downloaded,data_uploads/nse_eod/daily_contract_rows/nse_fo_eod_20260812.csv.gz,https://nsearchives.nseindia.com/content/fo/BhavCopy_NSE_FO_0_0_0_20260812_F_0000.csv.zip,1106101,3926,"{""BANKNIFTY"": 963, ""HDFCBANK"": 147, ""ICICIBANK"": 198, ""INFY"": 137, ""LT"": 138, ""NIFTY"": 1717, ""RELIANCE"": 204, ""SBIN"": 184, ""TCS"": 238}",a93fa82a1b43c48cc646eeaa369aee438ab3cb2ca437d7ebb6f2fbd9603ccf91,
2026-08-13,downloaded,data_uploads/nse_eod/daily_contract_rows/nse_fo_eod_20260813.csv.gz,https://nsearchives.nseindia.com/content/fo/BhavCopy_NSE_FO_0_0_0_20260813_F_0000.csv.zip,1108239,3926,"{""BANKNIFTY"": 963, ""HDFCBANK"": 147, ""ICICIBANK"": 198, ""INFY"": 137, ""LT"": 138, ""NIFTY"": 1717, ""RELIANCE"": 204, ""SBIN"": 184, ""TCS"": 238}",00d088350e833543939d7adab1fe9e2632bd9a9c6189d52ee972737395ad0a7b,
2026-08-14,downloaded,data_uploads/nse_eod/daily_contract_rows/nse_fo_eod_20260814.csv.gz,https://nsearchives.nseindia.com/content/fo/BhavCopy_NSE_FO_0_0_0_20260814_F_0000.csv.zip,1120876,3936,"{""BANKNIFTY"": 963, ""HDFCBANK"": 147, ""ICICIBANK"": 204, ""INFY"": 137, ""LT"": 138, ""NIFTY"": 1721, ""RELIANCE"": 204, ""SBIN"": 184, ""TCS"": 238}",614807e1050487ad00d1ca825ab04ed0a444c4ba9451e8db095b6254377ea49f,
2026-08-17,downloaded,data_uploads/nse_eod/daily_contract_rows/nse_fo_eod_20260817.csv.gz,https://nsearchives.nseindia.com/content/fo/BhavCopy_NSE_FO_0_0_0_20260817_F_0000.csv.zip,1144612,3940,"{""BANKNIFTY"": 963, ""HDFCBANK"": 147, ""ICICIBANK"": 204, ""INFY"": 137, ""LT"": 138, ""NIFTY"": 1725, ""RELIANCE"": 204, ""SBIN"": 184, ""TCS"": 238}",a8ab5f733287bc097c318b8dda9ab00e86500ce5e775fda266e2a5683c3bcaec,
2026-08-18,downloaded,data_uploads/nse_eod/daily_contract_rows/nse_fo_eod_20260818.csv.gz,https://nsearchives.nseindia.com/content/fo/BhavCopy_NSE_FO_0_0_0_20260818_F_0000.csv.zip,1153707,3944,"{""BANKNIFTY"": 963, ""HDFCBANK"": 147, ""ICICIBANK"": 204, ""INFY"": 137, ""LT"": 138, ""NIFTY"": 1729, ""RELIANCE"": 204, ""SBIN"": 184, ""TCS"": 238}",ca8b662150517d3c343322e21bc1bf4c4496d65ef160a2331a498562e0bf59ae,
2026-08-19,downloaded,data_uploads/nse_eod/daily_contract_rows/nse_fo_eod_20260819.csv.gz,https://nsearchives.nseindia.com/content/fo/BhavCopy_NSE_FO_0_0_0_20260819_F_0000.csv.zip,1166737,3888,"{""BANKNIFTY"": 963, ""HDFCBANK"": 147, ""ICICIBANK"": 204, ""INFY"": 137, ""LT"": 138, ""NIFTY"": 1673, ""RELIANCE"": 204, ""SBIN"": 184, ""TCS"": 238}",d2607f215cc2e3e1e92b97aca97ec59be352ff920ceea1104117077f48464d4d,
2026-08-20,downloaded,data_uploads/nse_eod/daily_contract_rows/nse_fo_eod_20260820.csv.gz,https://nsearchives.nseindia.com/content/fo/BhavCopy_NSE_FO_0_0_0_20260820_F_0000.csv.zip,1183905,3894,"{""BANKNIFTY"": 963, ""HDFCBANK"": 147, ""ICICIBANK"": 204, ""INFY"": 137, ""LT"": 138, ""NIFTY"": 1679, ""RELIANCE"": 204, ""SBIN"": 184, ""TCS"": 238}",9c5f793941678f5cf93ad0516c887efad617c466b73c06786f5b0b259b811db6,
2026-08-21,downloaded,data_uploads/nse_eod/daily_contract_rows/nse_fo_eod_20260821.csv.gz,https://nsearchives.nseindia.com/content/fo/BhavCopy_NSE_FO_0_0_0_20260821_F_0000.csv.zip,1193360,3898,"{""BANKNIFTY"": 963, ""HDFCBANK"": 147, ""ICICIBANK"": 204, ""INFY"": 137, ""LT"": 138, ""NIFTY"": 1683, ""RELIANCE"": 204, ""SBIN"": 184, ""TCS"": 238}",577c04c20bc7e4550f4a2ebfc849cada332611e94dbb1cdb11e5cff9e1e252f6,
2026-08-24,downloaded,data_uploads/nse_eod/daily_contract_rows/nse_fo_eod_20260824.csv.gz,https://nsearchives.nseindia.com/content/fo/BhavCopy_NSE_FO_0_0_0_20260824_F_0000.csv.zip,1216094,3898,"{""BANKNIFTY"": 963, ""HDFCBANK"": 147, ""ICICIBANK"": 204, ""INFY"": 137, ""LT"": 138, ""NIFTY"": 1683, ""RELIANCE"": 204, ""SBIN"": 184, ""TCS"": 238}",922d768844e8cce6a8e820606022b512e4f99f6a40a9df974c658290f31949ff,
2026-08-25,downloaded,data_uploads/nse_eod/daily_contract_rows/nse_fo_eod_20260825.csv.gz,https://nsearchives.nseindia.com/content/fo/BhavCopy_NSE_FO_0_0_0_20260825_F_0000.csv.zip,1189527,3898,"{""BANKNIFTY"": 963, ""HDFCBANK"": 147, ""ICICIBANK"": 204, ""INFY"": 137, ""LT"": 138, ""NIFTY"": 1683, ""RELIANCE"": 204, ""SBIN"": 184, ""TCS"": 238}",398f2636d757c8fbdc9182ef2eb2be290afd6e9950cdbad6841e618846463837,
2026-08-26,downloaded,data_uploads/nse_eod/daily_contract_rows/nse_fo_eod_20260826.csv.gz,https://nsearchives.nseindia.com/content/fo/BhavCopy_NSE_FO_0_0_0_20260826_F_0000.csv.zip,934974,3503,"{""BANKNIFTY"": 851, ""HDFCBANK"": 125, ""ICICIBANK"": 189, ""INFY"": 96, ""LT"": 122, ""NIFTY"": 1587, ""RELIANCE"": 183, ""SBIN"": 166, ""TCS"": 184}",254e419b0101eb26f8916314286f57b285d866b5228f9c5f3be2bd0eb90c894d,
2026-08-27,downloaded,data_uploads/nse_eod/daily_contract_rows/nse_fo_eod_20260827.csv.gz,https://nsearchives.nseindia.com/content/fo/BhavCopy_NSE_FO_0_0_0_20260827_F_0000.csv.zip,895366,3493,"{""BANKNIFTY"": 859, ""HDFCBANK"": 124, ""ICICIBANK"": 180, ""INFY"": 95, ""LT"": 117, ""NIFTY"": 1593, ""RELIANCE"": 186, ""SBIN"": 158, ""TCS"": 181}",db31cbb3247a5a9ace5081088f7ea34d96373b7a99e5f8ddbf24d6d3282df2b7,
2026-08-28,downloaded,data_uploads/nse_eod/daily_contract_rows/nse_fo_eod_20260828.csv.gz,https://nsearchives.nseindia.com/content/fo/BhavCopy_NSE_FO_0_0_0_20260828_F_0000.csv.zip,914655,3518,"{""BANKNIFTY"": 859, ""HDFCBANK"": 128, ""ICICIBANK"": 180, ""INFY"": 95, ""LT"": 117, ""NIFTY"": 1597, ""RELIANCE"": 190, ""SBIN"": 163, ""TCS"": 189}",33a1708ceba84a807e2b6e7bcf6b94e385ab0f65658eb99578eda92e735a88b5,
2026-08-31,downloaded,data_uploads/nse_eod/daily_contract_rows/nse_fo_eod_20260831.csv.gz,https://nsearchives.nseindia.com/content/fo/BhavCopy_NSE_FO_0_0_0_20260831_F_0000.csv.zip,943658,3534,"{""BANKNIFTY"": 859, ""HDFCBANK"": 128, ""ICICIBANK"": 185, ""INFY"": 97, ""LT"": 117, ""NIFTY"": 1597, ""RELIANCE"": 190, ""SBIN"": 163, ""TCS"": 198}",1e435806057655142a50ce380d74dca174e26be98bfec625f8ded211e62c78b1,
2026-09-01,downloaded,data_uploads/nse_eod/daily_contract_rows/nse_fo_eod_20260901.csv.gz,https://nsearchives.nseindia.com/content/fo/BhavCopy_NSE_FO_0_0_0_20260901_F_0000.csv.zip,970128,3582,"{""BANKNIFTY"": 883, ""HDFCBANK"": 134, ""ICICIBANK"": 192, ""INFY"": 97, ""LT"": 117, ""NIFTY"": 1597, ""RELIANCE"": 190, ""SBIN"": 165, ""TCS"": 207}",328cfdef6953b86b56c40b28f4b9677e8e4701f5027d00daa6b1d1708b64fa63,
2026-09-02,downloaded,data_uploads/nse_eod/daily_contract_rows/nse_fo_eod_20260902.csv.gz,https://nsearchives.nseindia.com/content/fo/BhavCopy_NSE_FO_0_0_0_20260902_F_0000.csv.zip,983008,3527,"{""BANKNIFTY"": 883, ""HDFCBANK"": 134, ""ICICIBANK"": 192, ""INFY"": 97, ""LT"": 117, ""NIFTY"": 1537, ""RELIANCE"": 193, ""SBIN"": 167, ""TCS"": 207}",cd5ce2d2aec05a9c97aafa726a72fd91a7bc16412fc7277c1ac183b92b3cc73c,
2026-09-03,downloaded,data_uploads/nse_eod/daily_contract_rows/nse_fo_eod_20260903.csv.gz,https://nsearchives.nseindia.com/content/fo/BhavCopy_NSE_FO_0_0_0_20260903_F_0000.csv.zip,987371,3566,"{""BANKNIFTY"": 885, ""HDFCBANK"": 134, ""ICICIBANK"": 192, ""INFY"": 97, ""LT"": 117, ""NIFTY"": 1571, ""RELIANCE"": 193, ""SBIN"": 170, ""TCS"": 207}",6157cbff5800f56c4c8ae0c1d1a88ca260ab1ab5c768288701f007dc50eae8b0,
2026-09-04,downloaded,data_uploads/nse_eod/daily_contract_rows/nse_fo_eod_20260904.csv.gz,https://nsearchives.nseindia.com/content/fo/BhavCopy_NSE_FO_0_0_0_20260904_F_0000.csv.zip,996218,3578,"{""BANKNIFTY"": 885, ""HDFCBANK"": 134, ""ICICIBANK"": 192, ""INFY"": 97, ""LT"": 117, ""NIFTY"": 1583, ""RELIANCE"": 193, ""SBIN"": 170, ""TCS"": 207}",9e92b9e9f91b5951213b854e123edbdbb461a111adcf442d7fee1b341f2f3312,
2026-09-07,downloaded,data_uploads/nse_eod/daily_contract_rows/nse_fo_eod_20260907.csv.gz,https://nsearchives.nseindia.com/content/fo/BhavCopy_NSE_FO_0_0_0_20260907_F_0000.csv.zip,1005021,3584,"{""BANKNIFTY"": 885, ""HDFCBANK"": 134, ""ICICIBANK"": 192, ""INFY"": 97, ""LT"": 121, ""NIFTY"": 1583, ""RELIANCE"": 193, ""SBIN"": 172, ""TCS"": 207}",d798b16fe2a330622d4b987cae07d99ab26a1937fc224a1de4bd56e919756c0c,
2026-09-08,downloaded,data_uploads/nse_eod/daily_contract_rows/nse_fo_eod_20260908.csv.gz,https://nsearchives.nseindia.com/content/fo/BhavCopy_NSE_FO_0_0_0_20260908_F_0000.csv.zip,1013779,3609,"{""BANKNIFTY"": 885, ""HDFCBANK"": 134, ""ICICIBANK"": 192, ""INFY"": 103, ""LT"": 121, ""NIFTY"": 1595, ""RELIANCE"": 193, ""SBIN"": 179, ""TCS"": 207}",d38a5676585ad9ef44ffd21cdd599404bdb0768b7d3c5ed967fe1f3256ef0feb,
2026-09-09,downloaded,data_uploads/nse_eod/daily_contract_rows/nse_fo_eod_20260909.csv.gz,https://nsearchives.nseindia.com/content/fo/BhavCopy_NSE_FO_0_0_0_20260909_F_0000.csv.zip,1028737,3634,"{""BANKNIFTY"": 885, ""HDFCBANK"": 134, ""ICICIBANK"": 200, ""INFY"": 118, ""LT"": 127, ""NIFTY"": 1591, ""RELIANCE"": 193, ""SBIN"": 179, ""TCS"": 207}",50826bed50da889b90b208c9b6368d3768c0eabb416178b176f064d3f93de3f5,
2026-09-10,downloaded,data_uploads/nse_eod/daily_contract_rows/nse_fo_eod_20260910.csv.gz,https://nsearchives.nseindia.com/content/fo/BhavCopy_NSE_FO_0_0_0_20260910_F_0000.csv.zip,1037169,3717,"{""BANKNIFTY"": 895, ""HDFCBANK"": 144, ""ICICIBANK"": 210, ""INFY"": 118, ""LT"": 127, ""NIFTY"": 1639, ""RELIANCE"": 193, ""SBIN"": 179, ""TCS"": 212}",ef39a7fefc5e6de6ad76334bdd96020c7c96d507cd0be0ec479c5590d7d057b1,
2026-09-11,downloaded,data_uploads/nse_eod/daily_contract_rows/nse_fo_eod_20260911.csv.gz,https://nsearchives.nseindia.com/content/fo/BhavCopy_NSE_FO_0_0_0_20260911_F_0000.csv.zip,1071973,3721,"{""BANKNIFTY"": 895, ""HDFCBANK"": 144, ""ICICIBANK"": 210, ""INFY"": 118, ""LT"": 127, ""NIFTY"": 1639, ""RELIANCE"": 197, ""SBIN"": 179, ""TCS"": 212}",532f111f183057b70433da2f7497a73a85da7a93c0a6230dbd898e9fef3463a2,
2026-09-14,http_404,,https://nsearchives.nseindia.com/content/fo/BhavCopy_NSE_FO_0_0_0_20260914_F_0000.csv.zip,,,,,
2026-09-15,downloaded,data_uploads/nse_eod/daily_contract_rows/nse_fo_eod_20260915.csv.gz,https://nsearchives.nseindia.com/content/fo/BhavCopy_NSE_FO_0_0_0_20260915_F_0000.csv.zip,1097093,3743,"{""BANKNIFTY"": 895, ""HDFCBANK"": 144, ""ICICIBANK"": 212, ""INFY"": 118, ""LT"": 127, ""NIFTY"": 1651, ""RELIANCE"": 205, ""SBIN"": 179, ""TCS"": 212}",a45f7cad1a76fc2b289c079aa41d181788a9e23efe3b000b95ecc25e11b37231,
2026-09-16,downloaded,data_uploads/nse_eod/daily_contract_rows/nse_fo_eod_20260916.csv.gz,https://nsearchives.nseindia.com/content/fo/BhavCopy_NSE_FO_0_0_0_20260916_F_0000.csv.zip,1121793,3870,"{""BANKNIFTY"": 930, ""HDFCBANK"": 144, ""ICICIBANK"": 224, ""INFY"": 118, ""LT"": 133, ""NIFTY"": 1697, ""RELIANCE"": 213, ""SBIN"": 199, ""TCS"": 212}",a787e7c68763f27a24749f60c805ece2f465886386a9b897a8a96b326d27c5b6,
2026-09-17,downloaded,data_uploads/nse_eod/daily_contract_rows/nse_fo_eod_20260917.csv.gz,https://nsearchives.nseindia.com/content/fo/BhavCopy_NSE_FO_0_0_0_20260917_F_0000.csv.zip,1127158,3879,"{""BANKNIFTY"": 930, ""HDFCBANK"": 144, ""ICICIBANK"": 224, ""INFY"": 118, ""LT"": 136, ""NIFTY"": 1701, ""RELIANCE"": 213, ""SBIN"": 199, ""TCS"": 214}",0edeaede69cdeff445c3f24c4db1cdd80d6b18002ba5d1efda32337f1c2cdd6e,
2026-09-18,downloaded,data_uploads/nse_eod/daily_contract_rows/nse_fo_eod_20260918.csv.gz,https://nsearchives.nseindia.com/content/fo/BhavCopy_NSE_FO_0_0_0_20260918_F_0000.csv.zip,1139451,3887,"{""BANKNIFTY"": 930, ""HDFCBANK"": 144, ""ICICIBANK"": 230, ""INFY"": 118, ""LT"": 136, ""NIFTY"": 1703, ""RELIANCE"": 213, ""SBIN"": 199, ""TCS"": 214}",ad7456e47a74b5ff3e127b09e844d94c9892fdee369307ea09c73a450d82d281,
2026-09-21,downloaded,data_uploads/nse_eod/daily_contract_rows/nse_fo_eod_20260921.csv.gz,https://nsearchives.nseindia.com/content/fo/BhavCopy_NSE_FO_0_0_0_20260921_F_0000.csv.zip,1152065,3925,"{""BANKNIFTY"": 930, ""HDFCBANK"": 148, ""ICICIBANK"": 232, ""INFY"": 118, ""LT"": 136, ""NIFTY"": 1707, ""RELIANCE"": 223, ""SBIN"": 199, ""TCS"": 232}",10cea28ce2ba1ffabfcdf5bfb87d32ce4bf255a0ddae6c827bc29fe5431953b4,
2026-09-22,downloaded,data_uploads/nse_eod/daily_contract_rows/nse_fo_eod_20260922.csv.gz,https://nsearchives.nseindia.com/content/fo/BhavCopy_NSE_FO_0_0_0_20260922_F_0000.csv.zip,1163359,3927,"{""BANKNIFTY"": 930, ""HDFCBANK"": 148, ""ICICIBANK"": 232, ""INFY"": 118, ""LT"": 136, ""NIFTY"": 1709, ""RELIANCE"": 223, ""SBIN"": 199, ""TCS"": 232}",c9aee852b62f1ba207f14169140ada0b1673c83aef31abaeab661cd2872f57c7,
2026-09-23,downloaded,data_uploads/nse_eod/daily_contract_rows/nse_fo_eod_20260923.csv.gz,https://nsearchives.nseindia.com/content/fo/BhavCopy_NSE_FO_0_0_0_20260923_F_0000.csv.zip,1174391,3877,"{""BANKNIFTY"": 930, ""HDFCBANK"": 148, ""ICICIBANK"": 232, ""INFY"": 118, ""LT"": 136, ""NIFTY"": 1659, ""RELIANCE"": 223, ""SBIN"": 199, ""TCS"": 232}",99a555412d6ed86af678e74766fced4c81c10ffdb6b02be975febc12266b237f,
2026-09-24,downloaded,data_uploads/nse_eod/daily_contract_rows/nse_fo_eod_20260924.csv.gz,https://nsearchives.nseindia.com/content/fo/BhavCopy_NSE_FO_0_0_0_20260924_F_0000.csv.zip,1217615,4090,"{""BANKNIFTY"": 966, ""HDFCBANK"": 148, ""ICICIBANK"": 232, ""INFY"": 118, ""LT"": 136, ""NIFTY"": 1827, ""RELIANCE"": 223, ""SBIN"": 199, ""TCS"": 241}",1ac55ad35507e8fad157b28af97db50e51f5721a44e8f89ae5b32f5f43640455,
2026-09-25,downloaded,data_uploads/nse_eod/daily_contract_rows/nse_fo_eod_20260925.csv.gz,https://nsearchives.nseindia.com/content/fo/BhavCopy_NSE_FO_0_0_0_20260925_F_0000.csv.zip,1237712,4104,"{""BANKNIFTY"": 970, ""HDFCBANK"": 148, ""ICICIBANK"": 236, ""INFY"": 122, ""LT"": 136, ""NIFTY"": 1827, ""RELIANCE"": 225, ""SBIN"": 199, ""TCS"": 241}",d7fda7c5881bf6b1aff715af0c90ae5bdc8fccbb7d537c83e3b1e44470dfa4af,
2026-09-28,downloaded,data_uploads/nse_eod/daily_contract_rows/nse_fo_eod_20260928.csv.gz,https://nsearchives.nseindia.com/content/fo/BhavCopy_NSE_FO_0_0_0_20260928_F_0000.csv.zip,1273609,4234,"{""BANKNIFTY"": 1012, ""HDFCBANK"": 148, ""ICICIBANK"": 240, ""INFY"": 122, ""LT"": 136, ""NIFTY"": 1911, ""RELIANCE"": 225, ""SBIN"": 199, ""TCS"": 241}",8a6a3f6fb29e13ca17d771d4bdec6dd428ed78694c00b171a9e8056bdfdae28f,
